{
  "accuracy": 0.9534883720930233,
  "precision": 0.8333333333333334,
  "recall": 1.0,
  "f1": 0.9090909090909091,
  "records": 43
}