{
  "accuracy": 0.9534883720930233,
  "precision": 0.9090909090909091,
  "recall": 0.9090909090909091,
  "f1": 0.9090909090909091,
  "records": 43
}